{
  "is_correct": 0.5957004160887656,
  "is_incorrect": 0.39875173370319,
  "is_not_attempted": 0.005547850208044383,
  "is_given_attempted": 0.9944521497919556,
  "accuracy_given_attempted": 0.599023709902371,
  "f_score": 0.5973574408901251,
  "avg_latency": 3.048738090008816,
  "total_samples": 4326,
  "correct_count": 2577,
  "incorrect_count": 1725,
  "not_attempted_count": 24
}